{
    "nome_da_tabela": "liquidacoes",
    "n_linhas": 230263,
    "n_colunas": 22,
    "tipagem_das_colunas": {
        "cod_empenho": "int64",
        "ano": "int64",
        "modalidade": "object",
        "id_unidade_gestora": "int64",
        "nome_unidade_gestora": "object",
        "data": "object",
        "programa_trabalho_resumido": "object",
        "fonte_recurso": "object",
        "plano_interno": "object",
        "esfera": "object",
        "natureza_despesa": "object",
        "credor": "object",
        "valor_empenho": "float64",
        "valor_reforcado": "float64",
        "valor_anulado": "float64",
        "valor_cancelado": "float64",
        "saldo_empenho": "float64",
        "processo": "object",
        "documento_associado": "object",
        "licitacao": "object",
        "convenio": "object",
        "observacoes": "object"
    },
    "contador_tipagem": {
        "int64": 3,
        "object": 14,
        "float64": 5
    },
    "estats_descritivas": {
        "cod_empenho": {
            "count": 230263.0,
            "mean": 1267434.2461446258,
            "std": 35757319.476918474,
            "min": -902935.0,
            "25%": 4038.5,
            "50%": 802303.0,
            "75%": 900264.0,
            "max": 2016800002.0
        },
        "ano": {
            "count": 230263.0,
            "mean": 2011.7215054090323,
            "std": 4.732798298953849,
            "min": 2001.0,
            "25%": 2008.0,
            "50%": 2012.0,
            "75%": 2015.0,
            "max": 2024.0
        },
        "id_unidade_gestora": {
            "count": 230263.0,
            "mean": 882.5476867755566,
            "std": 817.3705209606703,
            "min": 285.0,
            "25%": 605.0,
            "50%": 605.0,
            "75%": 605.0,
            "max": 8195.0
        },
        "valor_empenho": {
            "count": 230263.0,
            "mean": 19932.08549337063,
            "std": 361462.607745964,
            "min": 0.0,
            "25%": 300.0,
            "50%": 939.12,
            "75%": 3516.0,
            "max": 95900000.0
        },
        "valor_reforcado": {
            "count": 5495.0,
            "mean": 266219.0710791628,
            "std": 1346510.6393866208,
            "min": 0.01,
            "25%": 4000.0,
            "50%": 20442.21,
            "75%": 100000.0,
            "max": 42036100.0
        },
        "valor_anulado": {
            "count": 12887.0,
            "mean": 65588.16970900909,
            "std": 452212.3771355118,
            "min": 0.0,
            "25%": 230.0,
            "50%": 1290.0,
            "75%": 8603.400000000001,
            "max": 15972003.01
        },
        "valor_cancelado": {
            "count": 6468.0,
            "mean": 9692.776385281384,
            "std": 61770.31575204852,
            "min": 0.0,
            "25%": 148.0975,
            "50%": 600.0,
            "75%": 2800.0,
            "max": 1980934.37
        },
        "saldo_empenho": {
            "count": 230263.0,
            "mean": 4787.130135019522,
            "std": 172551.5475977215,
            "min": 0.0,
            "25%": 0.0,
            "50%": 250.45,
            "75%": 1250.0,
            "max": 45356756.0
        }
    },
    "nome_das_colunas": [
        "cod_empenho",
        "ano",
        "modalidade",
        "id_unidade_gestora",
        "nome_unidade_gestora",
        "data",
        "programa_trabalho_resumido",
        "fonte_recurso",
        "plano_interno",
        "esfera",
        "natureza_despesa",
        "credor",
        "valor_empenho",
        "valor_reforcado",
        "valor_anulado",
        "valor_cancelado",
        "saldo_empenho",
        "processo",
        "documento_associado",
        "licitacao",
        "convenio",
        "observacoes"
    ],
    "valores_nulos_por_coluna": {
        "cod_empenho": 0,
        "ano": 0,
        "modalidade": 0,
        "id_unidade_gestora": 0,
        "nome_unidade_gestora": 0,
        "data": 0,
        "programa_trabalho_resumido": 0,
        "fonte_recurso": 0,
        "plano_interno": 0,
        "esfera": 0,
        "natureza_despesa": 0,
        "credor": 69,
        "valor_empenho": 0,
        "valor_reforcado": 224768,
        "valor_anulado": 217376,
        "valor_cancelado": 223795,
        "saldo_empenho": 0,
        "processo": 97887,
        "documento_associado": 86277,
        "licitacao": 71420,
        "convenio": 199012,
        "observacoes": 29576
    },
    "valores_distintos_por_coluna": {
        "cod_empenho": 32811,
        "ano": 24,
        "modalidade": 3,
        "id_unidade_gestora": 105,
        "nome_unidade_gestora": 105,
        "data": 5762,
        "programa_trabalho_resumido": 876,
        "fonte_recurso": 296,
        "plano_interno": 1393,
        "esfera": 4,
        "natureza_despesa": 42,
        "credor": 22146,
        "valor_empenho": 72646,
        "valor_reforcado": 4048,
        "valor_anulado": 8420,
        "valor_cancelado": 4365,
        "saldo_empenho": 52333,
        "processo": 43809,
        "documento_associado": 50293,
        "licitacao": 9585,
        "convenio": 90,
        "observacoes": 125040
    }
}