{
    "nome_da_tabela": "matriculados_turma_graduacao",
    "n_linhas": 17163,
    "n_colunas": 17,
    "tipagem_das_colunas": {
        "matricula": "int64",
        "ano_ingresso": "int64",
        "periodo_ingresso": "int64",
        "id_curso": "float64",
        "id_unidade": "float64",
        "id_unidade_gestora": "float64",
        "nome_discente": "object",
        "sexo": "object",
        "forma_ingresso": "object",
        "tipo_discente": "object",
        "status": "object",
        "sigla_nivel_ensino": "object",
        "nivel_ensino": "object",
        "nome_curso": "object",
        "modalidade_educacao": "object",
        "nome_unidade": "object",
        "nome_unidade_gestora": "object"
    },
    "contador_tipagem": {
        "int64": 3,
        "float64": 3,
        "object": 11
    },
    "estats_descritivas": {
        "matricula": {
            "count": 17163.0,
            "mean": 20231077393.63666,
            "std": 1608466.0961484239,
            "min": 20182054837.0,
            "25%": 20230043923.5,
            "50%": 20230089079.0,
            "75%": 20232004396.5,
            "max": 20241001050.0
        },
        "ano_ingresso": {
            "count": 17163.0,
            "mean": 2023.0,
            "std": 0.0,
            "min": 2023.0,
            "25%": 2023.0,
            "50%": 2023.0,
            "75%": 2023.0,
            "max": 2023.0
        },
        "periodo_ingresso": {
            "count": 17163.0,
            "mean": 1.373710889704597,
            "std": 0.5301216102504319,
            "min": 0.0,
            "25%": 1.0,
            "50%": 1.0,
            "75%": 2.0,
            "max": 2.0
        },
        "id_curso": {
            "count": 15935.0,
            "mean": 60486989.86488861,
            "std": 60945427.32737295,
            "min": 4970.0,
            "25%": 2000063.0,
            "50%": 50688664.0,
            "75%": 111635053.0,
            "max": 170327662.0
        },
        "id_unidade": {
            "count": 15935.0,
            "mean": 4649.901537496078,
            "std": 8060.315150943461,
            "min": 64.0,
            "25%": 440.0,
            "50%": 443.0,
            "75%": 6042.0,
            "max": 32254.0
        },
        "id_unidade_gestora": {
            "count": 15935.0,
            "mean": 852.5634766237841,
            "std": 1308.6855890460247,
            "min": 285.0,
            "25%": 442.0,
            "50%": 443.0,
            "75%": 605.0,
            "max": 5965.0
        }
    },
    "nome_das_colunas": [
        "matricula",
        "ano_ingresso",
        "periodo_ingresso",
        "id_curso",
        "id_unidade",
        "id_unidade_gestora",
        "nome_discente",
        "sexo",
        "forma_ingresso",
        "tipo_discente",
        "status",
        "sigla_nivel_ensino",
        "nivel_ensino",
        "nome_curso",
        "modalidade_educacao",
        "nome_unidade",
        "nome_unidade_gestora"
    ],
    "valores_nulos_por_coluna": {
        "matricula": 0,
        "ano_ingresso": 0,
        "periodo_ingresso": 0,
        "id_curso": 1228,
        "id_unidade": 1228,
        "id_unidade_gestora": 1228,
        "nome_discente": 0,
        "sexo": 0,
        "forma_ingresso": 0,
        "tipo_discente": 0,
        "status": 0,
        "sigla_nivel_ensino": 0,
        "nivel_ensino": 0,
        "nome_curso": 1228,
        "modalidade_educacao": 1228,
        "nome_unidade": 1228,
        "nome_unidade_gestora": 1228
    },
    "valores_distintos_por_coluna": {
        "matricula": 17163,
        "ano_ingresso": 1,
        "periodo_ingresso": 3,
        "id_curso": 335,
        "id_unidade": 160,
        "id_unidade_gestora": 13,
        "nome_discente": 16438,
        "sexo": 3,
        "forma_ingresso": 27,
        "tipo_discente": 2,
        "status": 7,
        "sigla_nivel_ensino": 8,
        "nivel_ensino": 8,
        "nome_curso": 301,
        "modalidade_educacao": 4,
        "nome_unidade": 157,
        "nome_unidade_gestora": 13
    }
}