{
    "nome_da_tabela": "matriculados_turma_graduacao",
    "n_linhas": 3337,
    "n_colunas": 10,
    "tipagem_das_colunas": {
        "ANO": "int64",
        "PERIODO": "int64",
        "CODIGO_COMPONENTE": "object",
        "CODIGO_TURMA": "object",
        "TOTAL": "int64",
        "APROVADO": "int64",
        "REPROVADO": "int64",
        "DISPENSADO": "int64",
        "TRANCADO": "int64",
        "DESISTENCIA": "int64"
    },
    "contador_tipagem": {
        "int64": 8,
        "object": 2
    },
    "estats_descritivas": {
        "ANO": {
            "count": 3337.0,
            "mean": 2021.0,
            "std": 0.0,
            "min": 2021.0,
            "25%": 2021.0,
            "50%": 2021.0,
            "75%": 2021.0,
            "max": 2021.0
        },
        "PERIODO": {
            "count": 3337.0,
            "mean": 1.0,
            "std": 0.0,
            "min": 1.0,
            "25%": 1.0,
            "50%": 1.0,
            "75%": 1.0,
            "max": 1.0
        },
        "TOTAL": {
            "count": 3337.0,
            "mean": 19.707222055738686,
            "std": 14.172995017085611,
            "min": 1.0,
            "25%": 9.0,
            "50%": 16.0,
            "75%": 26.0,
            "max": 130.0
        },
        "APROVADO": {
            "count": 3337.0,
            "mean": 14.744381180701229,
            "std": 10.251088687974097,
            "min": 0.0,
            "25%": 7.0,
            "50%": 13.0,
            "75%": 21.0,
            "max": 98.0
        },
        "REPROVADO": {
            "count": 3337.0,
            "mean": 4.314953551093796,
            "std": 6.330145223807786,
            "min": 0.0,
            "25%": 0.0,
            "50%": 2.0,
            "75%": 6.0,
            "max": 61.0
        },
        "DISPENSADO": {
            "count": 3337.0,
            "mean": 0.073419238837279,
            "std": 0.3852077075592978,
            "min": 0.0,
            "25%": 0.0,
            "50%": 0.0,
            "75%": 0.0,
            "max": 5.0
        },
        "TRANCADO": {
            "count": 3337.0,
            "mean": 0.3026670662271501,
            "std": 0.6520366228419626,
            "min": 0.0,
            "25%": 0.0,
            "50%": 0.0,
            "75%": 0.0,
            "max": 6.0
        },
        "DESISTENCIA": {
            "count": 3337.0,
            "mean": 0.27180101887923286,
            "std": 1.1950733795282176,
            "min": 0.0,
            "25%": 0.0,
            "50%": 0.0,
            "75%": 0.0,
            "max": 20.0
        }
    },
    "nome_das_colunas": [
        "ANO",
        "PERIODO",
        "CODIGO_COMPONENTE",
        "CODIGO_TURMA",
        "TOTAL",
        "APROVADO",
        "REPROVADO",
        "DISPENSADO",
        "TRANCADO",
        "DESISTENCIA"
    ],
    "valores_nulos_por_coluna": {
        "ANO": 0,
        "PERIODO": 0,
        "CODIGO_COMPONENTE": 0,
        "CODIGO_TURMA": 0,
        "TOTAL": 0,
        "APROVADO": 0,
        "REPROVADO": 0,
        "DISPENSADO": 0,
        "TRANCADO": 0,
        "DESISTENCIA": 0
    },
    "valores_distintos_por_coluna": {
        "ANO": 1,
        "PERIODO": 1,
        "CODIGO_COMPONENTE": 2631,
        "CODIGO_TURMA": 222,
        "TOTAL": 77,
        "APROVADO": 57,
        "REPROVADO": 49,
        "DISPENSADO": 6,
        "TRANCADO": 7,
        "DESISTENCIA": 18
    }
}