{
    "metricas_geradas_por_metadados":[
        {
            "nome_da_tabela": "data/metadata/ufrn/componentes_por_curriculo_metadados.json",
            "credibilidade": 0.8571428571428571,
            "completude": 0.5714285714285714,
            "consistencia": 0.25,
            "precisao": 0.75
        },
        {
            "nome_da_tabela": "data/metadata/ufrn/ensino_de_graduacao_metadados.json",
            "credibilidade": 0.18181818181818182,
            "completude": 0.4545454545454546,
            "consistencia": 0.5,
            "precisao": 0.5
        },
        {
            "nome_da_tabela": "data/metadata/ufrn/matriculados_turma_graduacao_metadados.json",
            "credibilidade": 0.35294117647058826,
            "completude": 0.4117647058823529,
            "consistencia": 0.47058823529411764,
            "precisao": 0.5294117647058824
        },
        {
            "nome_da_tabela": "data/metadata/ufrn/liquidacoes_metadados.json",
            "credibilidade": 0.36363636363636365,
            "completude": 0.40909090909090906,
            "consistencia": 0.09090909090909094,
            "precisao": 0.9090909090909091
        }
    ]

}
