nome_da_tabela,id_tabela,credibilidade,completude,consistencia,precisao
ufrn_componentes_por_curriculo_metadados,1,0.8571428571428571,0.5714285714285714,1.0,0.0
ufrn_ensino_de_graduacao_metadados,2,0.18181818181818182,0.4545454545454546,1.0,0.0
ufrn_liquidacoes_metadados,3,0.36363636363636365,0.40909090909090906,0.40909090909090906,0.5909090909090909
ufrn_matriculados_turma_graduacao_metadados,4,0.35294117647058826,0.4117647058823529,0.8823529411764706,0.11764705882352941
