nome_da_tabela,confiabilidade,completude,consistencia,precisao
ufrn_componentes_por_curriculo_metadados,0.8571428571428571,0.5714285714285714,0.25,0.75
ufrn_ensino_de_graduacao_metadados,0.18181818181818182,0.4545454545454546,0.5,0.5
ufrn_liquidacoes_metadados,0.36363636363636365,0.40909090909090906,0.09090909090909094,0.9090909090909091
ufrn_matriculados_turma_graduacao_metadados,0.35294117647058826,0.4117647058823529,0.47058823529411764,0.5294117647058824
